settings,CA,ASR
0,1.0,0.0
5,1.0,0.9714285714285714
10,1.0,0.7
15,0.9875,1.0
20,1.0,1.0
25,1.0,1.0
30,1.0,1.0
35,1.0,1.0
40,1.0,0.0
std,0.003928371006591917,0.40665910801743377
mean,0.9986111111111112,0.7412698412698412
