settings,CA,ASR
0,1.0,0.0
5,1.0,0.34285714285714286
10,1.0,1.0
15,0.98125,1.0
20,1.0,1.0
25,1.0,1.0
30,1.0,1.0
35,1.0,1.0
40,1.0,0.0
std,0.00589255650988791,0.4278300465755467
mean,0.9979166666666666,0.7047619047619048
