settings,CA,ASR
0,1.0,0.0
5,1.0,0.0
10,0.99375,0.2
15,1.0,1.0
20,1.0,0.9
25,1.0,1.0
30,1.0,1.0
35,1.0,1.0
40,1.0,0.0
std,0.0019641855032959585,0.4666666666666667
mean,0.9993055555555556,0.5666666666666667
