settings,CA,ASR
0,1.0,0.0
5,1.0,1.0
10,1.0,1.0
15,0.99375,0.64
20,1.0,1.0
25,1.0,1.0
30,1.0,1.0
35,1.0,1.0
40,1.0,0.0
std,0.0019641855032959585,0.4097093218308094
mean,0.9993055555555556,0.7377777777777779
