settings,CA,ASR
0,1.0,0.0
5,1.0,0.22857142857142856
10,0.9875,0.9666666666666667
15,1.0,1.0
20,1.0,1.0
25,1.0,1.0
30,1.0,1.0
35,1.0,1.0
40,0.99375,0.0
std,0.004166666666666652,0.43743400242868824
mean,0.9979166666666666,0.6883597883597884
