settings,CA,ASR
0,1.0,0.0
5,1.0,0.4
10,1.0,0.6666666666666666
15,1.0,1.0
20,1.0,1.0
25,1.0,1.0
30,1.0,1.0
35,0.99375,1.0
40,1.0,0.0
std,0.0019641855032959585,0.4102928125667031
mean,0.9993055555555556,0.674074074074074
