settings,CA,ASR
0,1.0,0.0
5,1.0,0.8285714285714286
10,1.0,1.0
15,0.9875,1.0
20,1.0,1.0
25,0.99375,1.0
30,1.0,1.0
35,1.0,1.0
40,1.0,0.0
std,0.004166666666666653,0.40899436675618994
mean,0.9979166666666666,0.7587301587301588
