settings,CA,ASR
0,1.0,0.0
5,1.0,1.0
10,0.9875,1.0
15,0.91875,1.0
20,1.0,1.0
25,1.0,1.0
30,0.99375,1.0
35,1.0,1.0
40,1.0,0.0
std,0.025134668153963705,0.41573970964154905
mean,0.9888888888888889,0.7777777777777778
