settings,CA,ASR
0,1.0,0.0
5,1.0,0.45714285714285713
10,1.0,0.6666666666666666
15,1.0,0.92
20,1.0,1.0
25,1.0,1.0
30,1.0,1.0
35,1.0,1.0
40,1.0,0.0
std,0.0,0.4001663661195581
mean,1.0,0.6715343915343914
