settings,CA,ASR
0,1.0,0.0
5,1.0,0.17142857142857143
10,1.0,0.36666666666666664
15,1.0,0.96
20,1.0,1.0
25,0.99375,1.0
30,1.0,1.0
35,1.0,1.0
40,1.0,0.0
std,0.0019641855032959585,0.43800668787882474
mean,0.9993055555555556,0.6108994708994708
