settings,CA,ASR
0,0.98125,0.0
5,1.0,0.3142857142857143
10,0.9875,1.0
15,1.0,1.0
20,1.0,1.0
25,1.0,1.0
30,1.0,1.0
35,1.0,1.0
40,0.99375,0.0
std,0.006588078458684127,0.43060072179161263
mean,0.9958333333333333,0.7015873015873015
