settings,CA,ASR
0,1.0,0.0
5,1.0,0.6285714285714286
10,1.0,0.06666666666666667
15,0.99375,0.96
20,0.99375,0.95
25,1.0,1.0
30,1.0,1.0
35,0.9875,1.0
40,0.99375,0.0
std,0.00428084305761733,0.4387710708673779
mean,0.9965277777777778,0.6228042328042328
