settings,CA,ASR
0,1.0,0.0
5,1.0,0.0
10,1.0,0.0
15,1.0,0.6
20,1.0,1.0
25,1.0,1.0
30,0.9875,0.9
35,1.0,1.0
40,1.0,0.0
std,0.003928371006591917,0.4618802153517006
mean,0.9986111111111112,0.5
