settings,CA,ASR
0,1.0,0.0
5,1.0,0.0
10,1.0,0.9666666666666667
15,1.0,1.0
20,1.0,1.0
25,1.0,1.0
30,0.96875,0.9
35,1.0,1.0
40,1.0,0.0
std,0.009820927516479828,0.46190991348485155
mean,0.9965277777777778,0.6518518518518519
