settings,CA,ASR
0,1.0,0.0
5,1.0,0.0
10,0.99375,0.9666666666666667
15,1.0,1.0
20,1.0,1.0
25,1.0,1.0
30,1.0,0.9
35,1.0,1.0
40,0.99375,0.0
std,0.0025983731852596724,0.46190991348485155
mean,0.9986111111111112,0.6518518518518519
