settings,CA,ASR
0,0.99375,0.0
5,1.0,0.08571428571428572
10,1.0,0.5333333333333333
15,1.0,1.0
20,1.0,1.0
25,1.0,1.0
30,1.0,1.0
35,1.0,1.0
40,1.0,0.0
std,0.0019641855032959585,0.4451719920623116
mean,0.9993055555555556,0.6243386243386243
