settings,CA,ASR
0,1.0,0.0
5,1.0,0.42857142857142855
10,0.9875,0.9333333333333333
15,0.9625,1.0
20,1.0,1.0
25,1.0,1.0
30,1.0,1.0
35,1.0,1.0
40,1.0,0.0
std,0.011947673982003639,0.4160251212877775
mean,0.9944444444444444,0.7068783068783069
