settings,CA,ASR
0,1.0,0.0
5,1.0,0.22857142857142856
10,1.0,0.8666666666666667
15,1.0,1.0
20,1.0,1.0
25,1.0,1.0
30,1.0,1.0
35,1.0,1.0
40,1.0,0.0
std,0.0,0.4314528520082593
mean,1.0,0.6772486772486772
