settings,CA,ASR
0,1.0,0.0
5,1.0,1.0
10,1.0,1.0
15,1.0,1.0
20,0.95625,1.0
25,1.0,1.0
30,1.0,1.0
35,1.0,1.0
40,1.0,0.0
std,0.013749298523071742,0.41573970964154905
mean,0.995138888888889,0.7777777777777778
