settings,CA,ASR
0,1.0,0.0
5,1.0,0.2
10,1.0,1.0
15,1.0,1.0
20,1.0,1.0
25,1.0,1.0
30,0.98125,1.0
35,0.99375,1.0
40,1.0,0.0
std,0.005973836991001836,0.4433319409613334
mean,0.9972222222222222,0.6888888888888889
