settings,CA,ASR
0,1.0,0.25
5,1.0,1.0
10,1.0,1.0
15,1.0,0.84
20,1.0,1.0
25,1.0,1.0
30,1.0,1.0
35,1.0,1.0
40,1.0,0.0
std,0.0,0.3625152189227609
mean,1.0,0.7877777777777778
