settings,CA,ASR
0,1.0,0.0
5,1.0,0.0
10,1.0,0.7666666666666667
15,1.0,0.96
20,0.9625,1.0
25,0.9875,1.0
30,0.96875,1.0
35,1.0,1.0
40,1.0,0.0
std,0.014163943093313284,0.4552802540626696
mean,0.9909722222222221,0.6362962962962962
