settings,CA,ASR
0,1.0,0.0
5,1.0,0.2
10,1.0,0.5
15,1.0,1.0
20,1.0,1.0
25,1.0,1.0
30,0.9875,1.0
35,0.99375,1.0
40,1.0,0.0
std,0.004166666666666653,0.43204937989385733
mean,0.9979166666666666,0.6333333333333333
