settings,CA,ASR
0,1.0,0.0
5,1.0,0.37142857142857144
10,1.0,1.0
15,1.0,1.0
20,0.99375,1.0
25,1.0,1.0
30,1.0,1.0
35,0.9,1.0
40,1.0,0.0
std,0.031242282997783307,0.42523095557975354
mean,0.9881944444444445,0.707936507936508
