settings,CA,ASR
0,1.0,0.0
5,1.0,0.0
10,1.0,0.16666666666666666
15,1.0,1.0
20,1.0,1.0
25,1.0,1.0
30,1.0,1.0
35,1.0,1.0
40,1.0,0.0
std,0.0,0.4786239993822254
mean,1.0,0.5740740740740741
