settings,CA,ASR
0,1.0,0.0
5,1.0,0.9714285714285714
10,1.0,1.0
15,1.0,1.0
20,1.0,1.0
25,1.0,1.0
30,1.0,1.0
35,1.0,1.0
40,1.0,0.0
std,0.0,0.41413668790762914
mean,1.0,0.7746031746031746
