settings,CA,ASR
0,1.0,0.0
5,1.0,0.05714285714285714
10,1.0,0.7
15,1.0,0.68
20,1.0,1.0
25,1.0,1.0
30,1.0,1.0
35,1.0,1.0
40,1.0,0.0
std,0.0,0.4308828907112518
mean,1.0,0.6041269841269841
