settings,CA,ASR
0,1.0,0.0
5,1.0,0.0
10,1.0,0.9
15,1.0,1.0
20,1.0,1.0
25,1.0,1.0
30,1.0,1.0
35,1.0,1.0
40,1.0,0.0
std,0.0,0.46454544356370825
mean,1.0,0.6555555555555556
