settings,CA,ASR
0,0.98125,0.0
5,1.0,0.0
10,1.0,1.0
15,0.98125,1.0
20,1.0,1.0
25,1.0,1.0
30,1.0,1.0
35,1.0,1.0
40,1.0,0.0
std,0.007795119555779063,0.4714045207910317
mean,0.9958333333333333,0.6666666666666666
