settings,CA,ASR
0,1.0,0.0
5,1.0,0.37142857142857144
10,1.0,0.9666666666666667
15,1.0,0.96
20,1.0,1.0
25,0.99375,1.0
30,1.0,1.0
35,0.9875,1.0
40,1.0,0.0
std,0.004166666666666653,0.41987695177150386
mean,0.9979166666666666,0.6997883597883597
