settings,CA,ASR
0,0.99375,0.0
5,0.99375,0.05714285714285714
10,1.0,1.0
15,1.0,1.0
20,1.0,1.0
25,1.0,1.0
30,0.99375,1.0
35,1.0,1.0
40,0.99375,0.0
std,0.003105649968749697,0.46268684131573506
mean,0.9972222222222222,0.673015873015873
