settings,CA,ASR
0,1.0,0.0
5,1.0,0.37142857142857144
10,1.0,0.7666666666666667
15,1.0,1.0
20,1.0,1.0
25,1.0,1.0
30,1.0,1.0
35,1.0,1.0
40,1.0,0.0
std,0.0,0.4135874293814942
mean,1.0,0.682010582010582
