settings,CA,ASR
0,1.0,0.0
5,0.925,1.0
10,1.0,1.0
15,1.0,1.0
20,1.0,1.0
25,1.0,1.0
30,1.0,1.0
35,1.0,1.0
40,1.0,0.0
std,0.023570226039551573,0.41573970964154905
mean,0.9916666666666667,0.7777777777777778
