settings,CA,ASR
0,1.0,0.025
5,1.0,0.11428571428571428
10,0.99375,0.9333333333333333
15,1.0,1.0
20,0.9875,1.0
25,1.0,1.0
30,1.0,1.0
35,1.0,1.0
40,1.0,0.0
std,0.004166666666666653,0.44564385274860846
mean,0.9979166666666666,0.6747354497354497
