settings,CA,ASR
0,1.0,0.0
5,0.99375,0.9714285714285714
10,1.0,1.0
15,1.0,1.0
20,0.99375,1.0
25,1.0,1.0
30,1.0,1.0
35,1.0,1.0
40,1.0,0.0
std,0.002598373185259672,0.41413668790762914
mean,0.9986111111111112,0.7746031746031746
