settings,CA,ASR
0,1.0,0.0
5,1.0,0.4
10,1.0,0.9666666666666667
15,1.0,1.0
20,1.0,0.95
25,0.99375,1.0
30,1.0,1.0
35,1.0,1.0
40,1.0,0.0
std,0.0019641855032959585,0.4168106747025001
mean,0.9993055555555556,0.7018518518518518
