settings,CA,ASR
0,1.0,0.0
5,1.0,0.5142857142857142
10,0.99375,0.8666666666666667
15,0.9375,0.96
20,1.0,1.0
25,1.0,1.0
30,1.0,1.0
35,1.0,1.0
40,0.99375,0.0
std,0.019320038532282716,0.4041013664813499
mean,0.9916666666666667,0.7045502645502645
