settings,CA,ASR
0,1.0,0.0
5,1.0,0.02857142857142857
10,1.0,0.8666666666666667
15,1.0,1.0
20,1.0,1.0
25,1.0,1.0
30,1.0,1.0
35,0.99375,1.0
40,1.0,0.0
std,0.0019641855032959585,0.45830491143160756
mean,0.9993055555555556,0.6550264550264551
