settings,CA,ASR
0,1.0,0.0
5,1.0,0.02857142857142857
10,0.99375,0.5
15,1.0,1.0
20,1.0,1.0
25,0.99375,1.0
30,1.0,1.0
35,1.0,1.0
40,0.975,0.0
std,0.00779511955577905,0.453957153821447
mean,0.9958333333333333,0.6142857142857143
