settings,CA,ASR
0,0.99375,0.0
5,0.99375,0.5714285714285714
10,1.0,0.9333333333333333
15,1.0,1.0
20,0.99375,1.0
25,0.99375,1.0
30,1.0,1.0
35,0.99375,1.0
40,1.0,0.0
std,0.003105649968749697,0.40774671502279575
mean,0.9965277777777778,0.7227513227513227
