settings,CA,ASR
0,1.0,0.0
5,1.0,0.08571428571428572
10,1.0,1.0
15,1.0,1.0
20,0.99375,1.0
25,1.0,1.0
30,1.0,1.0
35,0.99375,1.0
40,1.0,0.0
std,0.002598373185259672,0.45852964256040846
mean,0.9986111111111112,0.6761904761904761
