settings,CA,ASR
0,1.0,0.0
5,1.0,0.0
10,1.0,0.9666666666666667
15,1.0,1.0
20,1.0,0.95
25,0.98125,1.0
30,1.0,1.0
35,1.0,1.0
40,1.0,0.0
std,0.00589255650988791,0.46515038794127694
mean,0.9979166666666666,0.6574074074074074
