settings,CA,ASR
0,1.0,0.0
5,0.99375,0.2
10,1.0,0.7333333333333333
15,1.0,1.0
20,1.0,1.0
25,1.0,1.0
30,1.0,1.0
35,1.0,1.0
40,1.0,0.0
std,0.0019641855032959585,0.4302677253765217
mean,0.9993055555555556,0.6592592592592593
