settings,CA,ASR
0,1.0,0.0
5,0.99375,0.0
10,1.0,0.3333333333333333
15,1.0,0.96
20,1.0,1.0
25,1.0,1.0
30,1.0,1.0
35,0.99375,1.0
40,1.0,0.0
std,0.002598373185259672,0.4618136846031028
mean,0.9986111111111112,0.5881481481481481
