settings,CA,ASR
0,1.0,0.025
5,0.96875,1.0
10,1.0,1.0
15,1.0,1.0
20,1.0,1.0
25,1.0,1.0
30,1.0,1.0
35,1.0,1.0
40,1.0,0.0
std,0.009820927516479828,0.4105852492644862
mean,0.9965277777777778,0.7805555555555556
