settings,CA,ASR
0,1.0,0.0
5,1.0,0.8571428571428571
10,1.0,1.0
15,1.0,1.0
20,1.0,1.0
25,1.0,1.0
30,1.0,1.0
35,1.0,1.0
40,1.0,0.0
std,0.0,0.40963453652583937
mean,1.0,0.761904761904762
