settings,CA,ASR
0,1.0,0.0
5,1.0,0.17142857142857143
10,1.0,0.9666666666666667
15,0.95625,1.0
20,1.0,0.95
25,0.99375,1.0
30,1.0,1.0
35,1.0,1.0
40,0.99375,0.0
std,0.013501543121683028,0.44070771041839946
mean,0.9937499999999999,0.6764550264550265
