settings,CA,ASR
0,0.99375,0.0
5,1.0,0.0
10,1.0,0.6333333333333333
15,1.0,1.0
20,1.0,1.0
25,0.9875,1.0
30,1.0,1.0
35,1.0,1.0
40,1.0,0.0
std,0.004166666666666653,0.4564429778667821
mean,0.9979166666666666,0.6259259259259259
