settings,CA,ASR
0,1.0,0.0
5,0.99375,0.2857142857142857
10,1.0,0.9666666666666667
15,1.0,1.0
20,1.0,1.0
25,1.0,0.9333333333333333
30,1.0,1.0
35,0.975,1.0
40,1.0,0.0
std,0.007856742013183867,0.426319775840109
mean,0.9965277777777778,0.6873015873015873
