settings,CA,ASR
0,1.0,0.0
5,1.0,0.42857142857142855
10,1.0,1.0
15,1.0,1.0
20,0.9875,1.0
25,1.0,1.0
30,1.0,1.0
35,0.9875,1.0
40,1.0,0.0
std,0.005196746370519344,0.420560041253707
mean,0.9972222222222222,0.7142857142857143
