settings,CA,ASR
0,1.0,0.0
5,0.99375,0.02857142857142857
10,1.0,0.9
15,0.99375,0.92
20,1.0,1.0
25,1.0,1.0
30,1.0,1.0
35,1.0,0.8
40,1.0,0.0
std,0.002598373185259672,0.44121867923116576
mean,0.9986111111111112,0.6276190476190476
