settings,CA,ASR
0,1.0,0.0
5,1.0,0.8857142857142857
10,0.99375,1.0
15,1.0,1.0
20,1.0,1.0
25,1.0,1.0
30,1.0,1.0
35,0.99375,1.0
40,1.0,0.0
std,0.002598373185259672,0.410470175136076
mean,0.9986111111111112,0.7650793650793651
