settings,CA,ASR
0,1.0,0.0
5,1.0,0.0
10,1.0,0.23333333333333334
15,1.0,1.0
20,1.0,1.0
25,1.0,1.0
30,0.99375,1.0
35,1.0,1.0
40,1.0,0.0
std,0.0019641855032959585,0.47274118179581776
mean,0.9993055555555556,0.5814814814814815
