settings,CA,ASR
0,1.0,0.0
5,1.0,1.0
10,0.9875,0.9666666666666667
15,1.0,1.0
20,1.0,1.0
25,1.0,1.0
30,1.0,1.0
35,1.0,1.0
40,1.0,0.0
std,0.003928371006591917,0.4138878531762665
mean,0.9986111111111112,0.7740740740740741
