settings,CA,ASR
0,1.0,0.0
5,1.0,1.0
10,1.0,1.0
15,1.0,1.0
20,1.0,1.0
25,1.0,1.0
30,1.0,1.0
35,0.975,1.0
40,1.0,0.0
std,0.007856742013183869,0.41573970964154905
mean,0.9972222222222222,0.7777777777777778
