settings,CA,ASR
0,1.0,0.0
5,0.99375,0.4
10,1.0,0.9333333333333333
15,1.0,1.0
20,1.0,1.0
25,1.0,1.0
30,0.98125,1.0
35,0.975,0.8
40,0.99375,0.0
std,0.008838834764831856,0.40707056782323214
mean,0.9937499999999999,0.6814814814814815
