settings,CA,ASR
0,1.0,0.0
5,1.0,0.05714285714285714
10,1.0,0.9666666666666667
15,1.0,0.96
20,1.0,1.0
25,1.0,1.0
30,1.0,1.0
35,1.0,1.0
40,0.9625,0.0
std,0.011785113019775785,0.45714912792093365
mean,0.9958333333333333,0.6648677248677248
