settings,CA,ASR
0,1.0,0.0
5,1.0,0.6285714285714286
10,1.0,0.7666666666666667
15,1.0,1.0
20,1.0,1.0
25,1.0,1.0
30,1.0,1.0
35,1.0,1.0
40,1.0,0.0
std,0.0,0.39979698663879554
mean,1.0,0.7105820105820106
