settings,CA,ASR
0,1.0,0.0
5,1.0,0.11428571428571428
10,1.0,0.6333333333333333
15,1.0,1.0
20,1.0,1.0
25,0.9875,1.0
30,1.0,1.0
35,1.0,1.0
40,1.0,0.0
std,0.003928371006591917,0.4401518579675456
mean,0.9986111111111112,0.6386243386243386
