settings,CA,ASR
0,1.0,0.0
5,1.0,0.2857142857142857
10,1.0,0.9666666666666667
15,1.0,1.0
20,1.0,1.0
25,1.0,1.0
30,0.9875,1.0
35,0.96875,1.0
40,1.0,0.0
std,0.010111263735111828,0.4310828499307079
mean,0.995138888888889,0.6947089947089947
