settings,CA,ASR
0,1.0,0.0
5,1.0,0.0
10,1.0,0.9333333333333333
15,1.0,1.0
20,1.0,1.0
25,1.0,1.0
30,1.0,1.0
35,1.0,1.0
40,1.0,0.0
std,0.0,0.46660787401551473
mean,1.0,0.6592592592592593
