settings,CA,ASR
0,1.0,0.0
5,1.0,0.42857142857142855
10,1.0,0.9333333333333333
15,1.0,0.92
20,1.0,0.9
25,1.0,1.0
30,1.0,1.0
35,1.0,1.0
40,1.0,0.0
std,0.0,0.4034529167571657
mean,1.0,0.6868783068783069
