settings,CA,ASR
0,1.0,0.0
5,1.0,0.05714285714285714
10,1.0,0.8
15,0.9625,1.0
20,1.0,1.0
25,1.0,1.0
30,1.0,1.0
35,1.0,1.0
40,1.0,0.0
std,0.011785113019775787,0.4511065312592155
mean,0.9958333333333333,0.6507936507936508
