settings,CA,ASR
0,0.975,0.0
5,1.0,0.0
10,1.0,1.0
15,1.0,1.0
20,1.0,1.0
25,1.0,1.0
30,1.0,1.0
35,0.9875,1.0
40,1.0,0.0
std,0.008333333333333335,0.4714045207910317
mean,0.9958333333333333,0.6666666666666666
