settings,CA,ASR
0,1.0,0.0
5,1.0,1.0
10,1.0,1.0
15,1.0,1.0
20,1.0,1.0
25,1.0,1.0
30,0.975,0.9
35,1.0,1.0
40,1.0,0.0
std,0.007856742013183869,0.4109609335312651
mean,0.9972222222222222,0.7666666666666667
