settings,CA,ASR
0,1.0,0.0
5,1.0,0.0
10,1.0,1.0
15,1.0,0.88
20,1.0,0.85
25,1.0,1.0
30,1.0,1.0
35,1.0,1.0
40,0.9875,0.0
std,0.003928371006591917,0.45323528351422754
mean,0.9986111111111112,0.6366666666666667
