settings,CA,ASR
0,1.0,0.125
5,1.0,1.0
10,1.0,1.0
15,1.0,1.0
20,1.0,1.0
25,1.0,1.0
30,1.0,1.0
35,1.0,1.0
40,1.0,0.0
std,0.0,0.39086797998528583
mean,1.0,0.7916666666666666
