settings,CA,ASR
0,1.0,0.0
5,1.0,0.14285714285714285
10,0.99375,1.0
15,1.0,1.0
20,1.0,1.0
25,0.9875,1.0
30,1.0,1.0
35,0.9875,1.0
40,1.0,0.0
std,0.005196746370519345,0.45063712909772663
mean,0.9965277777777778,0.6825396825396824
