settings,CA,ASR
0,1.0,0.0
5,1.0,0.5714285714285714
10,0.9125,0.8
15,1.0,1.0
20,1.0,1.0
25,1.0,1.0
30,1.0,1.0
35,0.99375,1.0
40,1.0,0.0
std,0.02732266051792501,0.40221107211966617
mean,0.9895833333333334,0.707936507936508
