settings,CA,ASR
0,1.0,0.0
5,1.0,1.0
10,1.0,1.0
15,1.0,1.0
20,0.9875,0.95
25,1.0,1.0
30,1.0,1.0
35,1.0,1.0
40,1.0,0.0
std,0.003928371006591917,0.4130584510098023
mean,0.9986111111111112,0.7722222222222223
