settings,CA,ASR
0,1.0,0.0
5,1.0,0.9428571428571428
10,1.0,1.0
15,1.0,1.0
20,1.0,1.0
25,1.0,1.0
30,1.0,1.0
35,1.0,1.0
40,1.0,0.0
std,0.0,0.41272283200038956
mean,1.0,0.7714285714285715
