settings,CA,ASR
0,1.0,0.0
5,1.0,0.8285714285714286
10,1.0,0.8333333333333334
15,1.0,0.8
20,0.9875,1.0
25,1.0,1.0
30,1.0,1.0
35,1.0,1.0
40,1.0,0.0
std,0.003928371006591917,0.3917759872379302
mean,0.9986111111111112,0.717989417989418
