settings,CA,ASR
0,1.0,0.0
5,1.0,0.9428571428571428
10,0.9875,0.9333333333333333
15,1.0,1.0
20,0.975,1.0
25,1.0,1.0
30,0.99375,1.0
35,1.0,1.0
40,1.0,0.0
std,0.008216777476527246,0.409136713268527
mean,0.995138888888889,0.764021164021164
