settings,CA,ASR
0,1.0,0.0
5,1.0,0.6857142857142857
10,0.9875,0.9333333333333333
15,1.0,1.0
20,1.0,1.0
25,0.99375,1.0
30,1.0,1.0
35,1.0,1.0
40,0.99375,0.0
std,0.00428084305761733,0.40460383537287864
mean,0.9972222222222222,0.7354497354497354
