settings,CA,ASR
0,1.0,0.0
5,1.0,0.08571428571428572
10,1.0,0.5666666666666667
15,0.9875,1.0
20,1.0,1.0
25,1.0,1.0
30,1.0,1.0
35,1.0,1.0
40,1.0,0.0
std,0.003928371006591917,0.44453765714393606
mean,0.9986111111111112,0.628042328042328
