settings,CA,ASR
0,1.0,0.0
5,1.0,0.6571428571428571
10,1.0,0.9
15,1.0,1.0
20,1.0,1.0
25,1.0,1.0
30,1.0,1.0
35,1.0,1.0
40,1.0,0.0
std,0.0,0.40338702065804516
mean,1.0,0.7285714285714285
