settings,CA,ASR
001_002,0.8625,1.0
001_003,0.975,0.875
001_004,0.99375,0.875
001_005,0.93125,1.0
001_006,0.9625,0.75
001_007,0.99375,0.875
001_008,0.9875,0.75
001_009,0.98125,1.0
001_010,0.975,0.875
002_001,0.80625,0.875
002_003,0.95,1.0
002_004,0.94375,0.375
002_005,0.94375,0.875
002_006,0.99375,0.375
002_007,0.9625,0.75
002_008,0.95,0.625
002_009,0.9625,1.0
002_010,1.0,0.5
003_001,0.9875,0.75
003_002,0.975,1.0
std,0.04592367989392836,0.19555609808952518
mean,0.9568750000000001,0.80625
