settings,CA,ASR
0,1.0,0.0
5,1.0,0.0
10,0.99375,1.0
15,1.0,1.0
20,1.0,1.0
25,1.0,1.0
30,1.0,1.0
35,1.0,1.0
40,0.9875,0.0
std,0.004166666666666652,0.4714045207910317
mean,0.9979166666666668,0.6666666666666666
