settings,CA,ASR
0,1.0,0.0
5,0.94375,0.5428571428571428
10,1.0,1.0
15,1.0,1.0
20,1.0,1.0
25,1.0,1.0
30,1.0,1.0
35,1.0,1.0
40,0.99375,0.0
std,0.017540737417104296,0.4134059868363411
mean,0.9930555555555556,0.726984126984127
